Workbook

Sheet Sheet1
A1: Order ID | B1: Order Date | C1: Customer Name | D1: Region | E1: State | F1: Category | G1: Product | H1: Sales | I1: Qunatity | J1: Profit | K1: Discount
A2: ORD001 | B2: =DATE(2026,1,1)+RANDBETWEEN(0,364) -> 46029 | C2: {=INDEX(Sheet2!$E$1:$E$20,RANDBETWEEN(1,20))} -> Meera Joshi | D2: {=INDEX(Sheet2!$A$1:$A$4,RANDBETWEEN(1,4))} -> North | E2: {=INDEX(Sheet2!$B$1:$B$10,RANDBETWEEN(1,10))} -> Gujarat | F2: {=INDEX(Sheet2!$C$1:$C$3,RANDBETWEEN(1,3))} -> Furniture | G2: {=INDEX(Sheet2!$D$1:$D$11,RANDBETWEEN(1,11))} -> Pen | H2: =RANDBETWEEN(500,50000) -> 7025 | I2: =RANDBETWEEN(1,10) -> 7 | J2: =ROUND(H2*RANDBETWEEN(10,30)/100,0) -> 1616 | K2: =CHOOSE(RANDBETWEEN(1,5),0,5,10,15,20) -> 15
A3: ORD002 | B3: =DATE(2026,1,1)+RANDBETWEEN(0,364) -> 46303 | C3: {=INDEX(Sheet2!$E$1:$E$20,RANDBETWEEN(1,20))} -> Divya Sharma | D3: {=INDEX(Sheet2!$A$1:$A$4,RANDBETWEEN(1,4))} -> East | E3: {=INDEX(Sheet2!$B$1:$B$10,RANDBETWEEN(1,10))} -> Tamil Nadu | F3: {=INDEX(Sheet2!$C$1:$C$3,RANDBETWEEN(1,3))} -> Office Supplies | G3: {=INDEX(Sheet2!$D$1:$D$11,RANDBETWEEN(1,11))} -> Table | H3: =RANDBETWEEN(500,50000) -> 46085 | I3: =RANDBETWEEN(1,10) -> 5 | J3: =ROUND(H3*RANDBETWEEN(10,30)/100,0) -> 12904 | K3: =CHOOSE(RANDBETWEEN(1,5),0,5,10,15,20) -> 5
A4: ORD003 | B4: =DATE(2026,1,1)+RANDBETWEEN(0,364) -> 46344 | C4: {=INDEX(Sheet2!$E$1:$E$20,RANDBETWEEN(1,20))} -> Kiran Reddy | D4: {=INDEX(Sheet2!$A$1:$A$4,RANDBETWEEN(1,4))} -> East | E4: {=INDEX(Sheet2!$B$1:$B$10,RANDBETWEEN(1,10))} -> Delhi | F4: {=INDEX(Sheet2!$C$1:$C$3,RANDBETWEEN(1,3))} -> Office Supplies | G4: {=INDEX(Sheet2!$D$1:$D$11,RANDBETWEEN(1,11))} -> Mobile | H4: =RANDBETWEEN(500,50000) -> 19003 | I4: =RANDBETWEEN(1,10) -> 3 | J4: =ROUND(H4*RANDBETWEEN(10,30)/100,0) -> 4371 | K4: =CHOOSE(RANDBETWEEN(1,5),0,5,10,15,20) -> 0
A5: ORD004 | B5: =DATE(2026,1,1)+RANDBETWEEN(0,364) -> 46370 | C5: {=INDEX(Sheet2!$E$1:$E$20,RANDBETWEEN(1,20))} -> Anjali Nair | D5: {=INDEX(Sheet2!$A$1:$A$4,RANDBETWEEN(1,4))} -> West | E5: {=INDEX(Sheet2!$B$1:$B$10,RANDBETWEEN(1,10))} -> Maharastra | F5: {=INDEX(Sheet2!$C$1:$C$3,RANDBETWEEN(1,3))} -> Furniture | G5: {=INDEX(Sheet2!$D$1:$D$11,RANDBETWEEN(1,11))} -> Mobile | H5: =RANDBETWEEN(500,50000) -> 26881 | I5: =RANDBETWEEN(1,10) -> 5 | J5: =ROUND(H5*RANDBETWEEN(10,30)/100,0) -> 2957 | K5: =CHOOSE(RANDBETWEEN(1,5),0,5,10,15,20) -> 5
A6: ORD005 | B6: =DATE(2026,1,1)+RANDBETWEEN(0,364) -> 46233 | C6: {=INDEX(Sheet2!$E$1:$E$20,RANDBETWEEN(1,20))} -> Priya Reddy | D6: {=INDEX(Sheet2!$A$1:$A$4,RANDBETWEEN(1,4))} -> North | E6: {=INDEX(Sheet2!$B$1:$B$10,RANDBETWEEN(1,10))} -> Karnataka | F6: {=INDEX(Sheet2!$C$1:$C$3,RANDBETWEEN(1,3))} -> Office Supplies | G6: {=INDEX(Sheet2!$D$1:$D$11,RANDBETWEEN(1,11))} -> Mouse | H6: =RANDBETWEEN(500,50000) -> 26062 | I6: =RANDBETWEEN(1,10) -> 6 | J6: =ROUND(H6*RANDBETWEEN(10,30)/100,0) -> 3388 | K6: =CHOOSE(RANDBETWEEN(1,5),0,5,10,15,20) -> 5
A7: ORD006 | B7: =DATE(2026,1,1)+RANDBETWEEN(0,364) -> 46057 | C7: {=INDEX(Sheet2!$E$1:$E$20,RANDBETWEEN(1,20))} -> Neha Singh | D7: {=INDEX(Sheet2!$A$1:$A$4,RANDBETWEEN(1,4))} -> South | E7: {=INDEX(Sheet2!$B$1:$B$10,RANDBETWEEN(1,10))} -> Karnataka | F7: {=INDEX(Sheet2!$C$1:$C$3,RANDBETWEEN(1,3))} -> Furniture | G7: {=INDEX(Sheet2!$D$1:$D$11,RANDBETWEEN(1,11))} -> Sofa | H7: =RANDBETWEEN(500,50000) -> 38559 | I7: =RANDBETWEEN(1,10) -> 2 | J7: =ROUND(H7*RANDBETWEEN(10,30)/100,0) -> 7712 | K7: =CHOOSE(RANDBETWEEN(1,5),0,5,10,15,20) -> 0
A8: ORD007 | B8: =DATE(2026,1,1)+RANDBETWEEN(0,364) -> 46351 | C8: {=INDEX(Sheet2!$E$1:$E$20,RANDBETWEEN(1,20))} -> Priya Reddy | D8: {=INDEX(Sheet2!$A$1:$A$4,RANDBETWEEN(1,4))} -> West | E8: {=INDEX(Sheet2!$B$1:$B$10,RANDBETWEEN(1,10))} -> Odisha | F8: {=INDEX(Sheet2!$C$1:$C$3,RANDBETWEEN(1,3))} -> Furniture | G8: {=INDEX(Sheet2!$D$1:$D$11,RANDBETWEEN(1,11))} -> Keyboard | H8: =RANDBETWEEN(500,50000) -> 29831 | I8: =RANDBETWEEN(1,10) -> 9 | J8: =ROUND(H8*RANDBETWEEN(10,30)/100,0) -> 5370 | K8: =CHOOSE(RANDBETWEEN(1,5),0,5,10,15,20) -> 20
A9: ORD008 | B9: =DATE(2026,1,1)+RANDBETWEEN(0,364) -> 46165 | C9: {=INDEX(Sheet2!$E$1:$E$20,RANDBETWEEN(1,20))} -> Neha Singh | D9: {=INDEX(Sheet2!$A$1:$A$4,RANDBETWEEN(1,4))} -> West | E9: {=INDEX(Sheet2!$B$1:$B$10,RANDBETWEEN(1,10))} -> Tamil Nadu | F9: {=INDEX(Sheet2!$C$1:$C$3,RANDBETWEEN(1,3))} -> Furniture | G9: {=INDEX(Sheet2!$D$1:$D$11,RANDBETWEEN(1,11))} -> Printer | H9: =RANDBETWEEN(500,50000) -> 16962 | I9: =RANDBETWEEN(1,10) -> 5 | J9: =ROUND(H9*RANDBETWEEN(10,30)/100,0) -> 4241 | K9: =CHOOSE(RANDBETWEEN(1,5),0,5,10,15,20) -> 0
A10: ORD009 | B10: =DATE(2026,1,1)+RANDBETWEEN(0,364) -> 46330 | C10: {=INDEX(Sheet2!$E$1:$E$20,RANDBETWEEN(1,20))} -> Kiran Reddy | D10: {=INDEX(Sheet2!$A$1:$A$4,RANDBETWEEN(1,4))} -> West | E10: {=INDEX(Sheet2!$B$1:$B$10,RANDBETWEEN(1,10))} -> Haryana | F10: {=INDEX(Sheet2!$C$1:$C$3,RANDBETWEEN(1,3))} -> Electronics | G10: {=INDEX(Sheet2!$D$1:$D$11,RANDBETWEEN(1,11))} -> Sofa | H10: =RANDBETWEEN(500,50000) -> 10895 | I10: =RANDBETWEEN(1,10) -> 2 | J10: =ROUND(H10*RANDBETWEEN(10,30)/100,0) -> 1634 | K10: =CHOOSE(RANDBETWEEN(1,5),0,5,10,15,20) -> 0
A11: ORD010 | B11: =DATE(2026,1,1)+RANDBETWEEN(0,364) -> 46089 | C11: {=INDEX(Sheet2!$E$1:$E$20,RANDBETWEEN(1,20))} -> Amit Verma | D11: {=INDEX(Sheet2!$A$1:$A$4,RANDBETWEEN(1,4))} -> West | E11: {=INDEX(Sheet2!$B$1:$B$10,RANDBETWEEN(1,10))} -> Gujarat | F11: {=INDEX(Sheet2!$C$1:$C$3,RANDBETWEEN(1,3))} -> Furniture | G11: {=INDEX(Sheet2!$D$1:$D$11,RANDBETWEEN(1,11))} -> Sofa | H11: =RANDBETWEEN(500,50000) -> 23042 | I11: =RANDBETWEEN(1,10) -> 2 | J11: =ROUND(H11*RANDBETWEEN(10,30)/100,0) -> 3456 | K11: =CHOOSE(RANDBETWEEN(1,5),0,5,10,15,20) -> 5
A12: ORD011 | B12: =DATE(2026,1,1)+RANDBETWEEN(0,364) -> 46309 | C12: {=INDEX(Sheet2!$E$1:$E$20,RANDBETWEEN(1,20))} -> Arjun Kumar | D12: {=INDEX(Sheet2!$A$1:$A$4,RANDBETWEEN(1,4))} -> East | E12: {=INDEX(Sheet2!$B$1:$B$10,RANDBETWEEN(1,10))} -> Gujarat | F12: {=INDEX(Sheet2!$C$1:$C$3,RANDBETWEEN(1,3))} -> Furniture | G12: {=INDEX(Sheet2!$D$1:$D$11,RANDBETWEEN(1,11))} -> Printer | H12: =RANDBETWEEN(500,50000) -> 44323 | I12: =RANDBETWEEN(1,10) -> 4 | J12: =ROUND(H12*RANDBETWEEN(10,30)/100,0) -> 5319 | K12: =CHOOSE(RANDBETWEEN(1,5),0,5,10,15,20) -> 20
A13: ORD012 | B13: =DATE(2026,1,1)+RANDBETWEEN(0,364) -> 46325 | C13: {=INDEX(Sheet2!$E$1:$E$20,RANDBETWEEN(1,20))} -> Arjun Kumar | D13: {=INDEX(Sheet2!$A$1:$A$4,RANDBETWEEN(1,4))} -> South | E13: {=INDEX(Sheet2!$B$1:$B$10,RANDBETWEEN(1,10))} -> West Bengal | F13: {=INDEX(Sheet2!$C$1:$C$3,RANDBETWEEN(1,3))} -> Furniture | G13: {=INDEX(Sheet2!$D$1:$D$11,RANDBETWEEN(1,11))} -> File | H13: =RANDBETWEEN(500,50000) -> 4786 | I13: =RANDBETWEEN(1,10) -> 6 | J13: =ROUND(H13*RANDBETWEEN(10,30)/100,0) -> 814 | K13: =CHOOSE(RANDBETWEEN(1,5),0,5,10,15,20) -> 5
... A1000: ORD999 | B1000: =DATE(2026,1,1)+RANDBETWEEN(0,364) -> 46131 | C1000: {=INDEX(Sheet2!$E$1:$E$20,RANDBETWEEN(1,20))} -> Mohan Das | D1000: {=INDEX(Sheet2!$A$1:$A$4,RANDBETWEEN(1,4))} -> South | E1000: {=INDEX(Sheet2!$B$1:$B$10,RANDBETWEEN(1,10))} -> Delhi | F1000: {=INDEX(Sheet2!$C$1:$C$3,RANDBETWEEN(1,3))} -> Office Supplies | G1000: {=INDEX(Sheet2!$D$1:$D$11,RANDBETWEEN(1,11))} -> Mobile | H1000: =RANDBETWEEN(500,50000) -> 30673 | I1000: =RANDBETWEEN(1,10) -> 9 | J1000: =ROUND(H1000*RANDBETWEEN(10,30)/100,0) -> 4294 | K1000: =CHOOSE(RANDBETWEEN(1,5),0,5,10,15,20) -> 15

Sheet Sheet2
A1: North | B1: Delhi | C1: Electronics | D1: Laptop | E1: Rahul Sharma
A2: South | B2: Haryana | C2: Furniture | D2: Mobile | E2: Priya Reddy
A3: East | B3: Punjab | C3: Office Supplies | D3: Printer | E3: Arjun Kumar
A4: West | B4: Telagana | D4: Chair | E4: Sneha Patel
B5: Karnataka | D5: Table | E5: Amit Verma
B6: Tamil Nadu | D6: Sofa | E6: Neha Singh
B7: Maharastra | D7: Notebook | E7: Rohan Gupta
B8: Gujarat | D8: Pen | E8: Anjali Nair
B9: West Bengal | D9: File | E9: Vikram Rao
B10: Odisha | D10: Keyboard | E10: Pooja Mehta
D11: Mouse | E11: Kiran Reddy
E12: Sai Kumar
E13: Aisha Khan
E14: Mohan Das
E15: Akash Yadav
E16: Divya Sharma
E17: Sanjay Patel
E18: Meera Joshi
E19: Ravi Teja
E20: Nisha Rani
